id,user_id,leave_type,from_date,to_date,days_count,reason,status,approved_by,approved_at,rejection_reason,created_at,updated_at
1,8536,AL,5/23/2026,5/23/2026,1,,A,migration,2026-05-23 00:00:00+03:30,NULL,2026-07-19 13:55:24.192536+03:30,2026-07-19 13:55:24.192536+03:30
2,9137,AL,5/23/2026,5/28/2026,6,,A,migration,2026-05-23 00:00:00+03:30,NULL,2026-07-19 13:55:24.192536+03:30,2026-07-19 13:55:24.192536+03:30
3,26,AL,5/24/2026,5/24/2026,1,,A,migration,2026-05-23 00:00:00+03:30,NULL,2026-07-19 13:55:24.192536+03:30,2026-07-19 13:55:24.192536+03:30
4,1101,AL,5/24/2026,5/24/2026,1,,A,migration,2026-05-23 00:00:00+03:30,NULL,2026-07-19 13:55:24.192536+03:30,2026-07-19 13:55:24.192536+03:30
5,299,AL,5/24/2026,5/29/2026,5,,A,migration,2026-05-23 00:00:00+03:30,NULL,2026-07-19 13:55:24.192536+03:30,2026-07-19 13:55:24.192536+03:30
6,9558,AL,5/24/2026,5/24/2026,1,,A,migration,2026-05-23 00:00:00+03:30,NULL,2026-07-19 13:55:24.192536+03:30,2026-07-19 13:55:24.192536+03:30
7,2676,AL,5/25/2026,5/25/2026,1,,A,migration,2026-05-24 00:00:00+03:30,NULL,2026-07-19 13:55:24.192536+03:30,2026-07-19 13:55:24.192536+03:30
8,8536,AL,5/26/2026,5/26/2026,1,,A,migration,2026-05-25 00:00:00+03:30,NULL,2026-07-19 13:55:24.192536+03:30,2026-07-19 13:55:24.192536+03:30
9,1332,AL,5/26/2026,5/29/2026,3,,A,migration,2026-05-25 00:00:00+03:30,NULL,2026-07-19 13:55:24.192536+03:30,2026-07-19 13:55:24.192536+03:30
10,1228,AL,5/28/2026,5/28/2026,1,,A,migration,2026-05-27 00:00:00+03:30,NULL,2026-07-19 13:55:24.192536+03:30,2026-07-19 13:55:24.192536+03:30
11,3522,AL,5/28/2026,5/28/2026,1,,A,migration,2026-05-27 00:00:00+03:30,NULL,2026-07-19 13:55:24.192536+03:30,2026-07-19 13:55:24.192536+03:30
12,692,AL,5/28/2026,5/28/2026,1,,A,migration,2026-05-27 00:00:00+03:30,NULL,2026-07-19 13:55:24.192536+03:30,2026-07-19 13:55:24.192536+03:30
13,9558,AL,5/28/2026,5/28/2026,1,,A,migration,2026-05-27 00:00:00+03:30,NULL,2026-07-19 13:55:24.192536+03:30,2026-07-19 13:55:24.192536+03:30
14,8536,AL,5/28/2026,5/28/2026,1,,A,migration,2026-05-27 00:00:00+03:30,NULL,2026-07-19 13:55:24.192536+03:30,2026-07-19 13:55:24.192536+03:30
15,1857,AL,5/28/2026,5/28/2026,1,,A,migration,2026-05-27 00:00:00+03:30,NULL,2026-07-19 13:55:24.192536+03:30,2026-07-19 13:55:24.192536+03:30
16,1677,AL,5/28/2026,6/4/2026,7,,A,migration,2026-05-27 00:00:00+03:30,NULL,2026-07-19 13:55:24.192536+03:30,2026-07-19 13:55:24.192536+03:30
17,3659,AL,5/31/2026,5/31/2026,1,,A,migration,2026-05-30 00:00:00+03:30,NULL,2026-07-19 13:55:24.192536+03:30,2026-07-19 13:55:24.192536+03:30
18,26,AL,5/31/2026,6/2/2026,3,,A,migration,2026-05-30 00:00:00+03:30,NULL,2026-07-19 13:55:24.192536+03:30,2026-07-19 13:55:24.192536+03:30
19,139,AL,5/31/2026,5/31/2026,1,,A,migration,2026-05-30 00:00:00+03:30,NULL,2026-07-19 13:55:24.192536+03:30,2026-07-19 13:55:24.192536+03:30
20,7835,AL,6/1/2026,6/1/2026,1,,A,migration,2026-05-31 00:00:00+03:30,NULL,2026-07-19 13:55:24.192536+03:30,2026-07-19 13:55:24.192536+03:30
21,8808,AL,6/1/2026,6/1/2026,1,,A,migration,2026-05-31 00:00:00+03:30,NULL,2026-07-19 13:55:24.192536+03:30,2026-07-19 13:55:24.192536+03:30
22,1228,AL,6/3/2026,6/3/2026,1,,A,migration,2026-06-02 00:00:00+03:30,NULL,2026-07-19 13:55:24.192536+03:30,2026-07-19 13:55:24.192536+03:30
23,1101,AL,6/6/2026,6/9/2026,4,,A,migration,2026-06-05 00:00:00+03:30,NULL,2026-07-19 13:55:24.192536+03:30,2026-07-19 13:55:24.192536+03:30
24,7933,AL,6/6/2026,6/6/2026,1,,A,migration,2026-06-05 00:00:00+03:30,NULL,2026-07-19 13:55:24.192536+03:30,2026-07-19 13:55:24.192536+03:30
25,3301,AL,6/10/2026,6/11/2026,2,,A,migration,2026-06-09 00:00:00+03:30,NULL,2026-07-19 13:55:24.192536+03:30,2026-07-19 13:55:24.192536+03:30
26,8310,AL,6/10/2026,6/21/2026,10,,A,migration,2026-06-09 00:00:00+03:30,NULL,2026-07-19 13:55:24.192536+03:30,2026-07-19 13:55:24.192536+03:30
27,9558,AL,6/10/2026,6/11/2026,2,,A,migration,2026-06-09 00:00:00+03:30,NULL,2026-07-19 13:55:24.192536+03:30,2026-07-19 13:55:24.192536+03:30
28,1857,AL,6/11/2026,6/11/2026,1,,A,migration,2026-06-10 00:00:00+03:30,NULL,2026-07-19 13:55:24.192536+03:30,2026-07-19 13:55:24.192536+03:30
29,1228,AL,6/11/2026,6/11/2026,1,,A,migration,2026-06-10 00:00:00+03:30,NULL,2026-07-19 13:55:24.192536+03:30,2026-07-19 13:55:24.192536+03:30
30,3522,AL,6/11/2026,6/11/2026,1,,A,migration,2026-06-10 00:00:00+03:30,NULL,2026-07-19 13:55:24.192536+03:30,2026-07-19 13:55:24.192536+03:30
31,8353,AL,6/15/2026,6/15/2026,1,,A,migration,2026-06-14 00:00:00+03:30,NULL,2026-07-19 13:55:24.192536+03:30,2026-07-19 13:55:24.192536+03:30
32,2676,AL,6/15/2026,6/15/2026,1,,A,migration,2026-06-14 00:00:00+03:30,NULL,2026-07-19 13:55:24.192536+03:30,2026-07-19 13:55:24.192536+03:30
33,7933,AL,6/11/2026,6/11/2026,1,,A,migration,2026-06-10 00:00:00+03:30,NULL,2026-07-19 13:55:24.192536+03:30,2026-07-19 13:55:24.192536+03:30
34,3461,AL,6/16/2026,6/16/2026,1,,A,migration,2026-06-15 00:00:00+03:30,NULL,2026-07-19 13:55:24.192536+03:30,2026-07-19 13:55:24.192536+03:30
35,1677,AL,6/16/2026,6/16/2026,1,,A,migration,2026-06-15 00:00:00+03:30,NULL,2026-07-19 13:55:24.192536+03:30,2026-07-19 13:55:24.192536+03:30
36,8808,AL,6/16/2026,6/16/2026,1,,A,migration,2026-06-15 00:00:00+03:30,NULL,2026-07-19 13:55:24.192536+03:30,2026-07-19 13:55:24.192536+03:30
37,2867,SL,6/13/2026,6/13/2026,1,,A,migration,2026-06-12 00:00:00+03:30,NULL,2026-07-19 13:55:24.192536+03:30,2026-07-19 13:55:24.192536+03:30
38,6013,AL,6/17/2026,6/17/2026,1,,A,migration,2026-06-16 00:00:00+03:30,NULL,2026-07-19 13:55:24.192536+03:30,2026-07-19 13:55:24.192536+03:30
39,7878,AL,6/1/2026,6/2/2026,2,,A,migration,2026-05-31 00:00:00+03:30,NULL,2026-07-19 13:55:24.192536+03:30,2026-07-19 13:55:24.192536+03:30
40,9137,RL,6/2/2026,6/3/2026,2,,A,migration,2026-06-01 00:00:00+03:30,NULL,2026-07-19 13:55:24.192536+03:30,2026-07-19 13:55:24.192536+03:30
41,9137,AL,6/10/2026,6/10/2026,1,,A,migration,2026-06-09 00:00:00+03:30,NULL,2026-07-19 13:55:24.192536+03:30,2026-07-19 13:55:24.192536+03:30
42,7835,AL,6/11/2026,6/17/2026,6,,A,migration,2026-06-10 00:00:00+03:30,NULL,2026-07-19 13:55:24.192536+03:30,2026-07-19 13:55:24.192536+03:30
43,692,AL,6/18/2026,6/18/2026,1,,A,migration,2026-06-17 00:00:00+03:30,NULL,2026-07-19 13:55:24.192536+03:30,2026-07-19 13:55:24.192536+03:30
44,9558,AL,6/18/2026,6/18/2026,1,,A,migration,2026-06-17 00:00:00+03:30,NULL,2026-07-19 13:55:24.192536+03:30,2026-07-19 13:55:24.192536+03:30
45,9137,AL,6/18/2026,6/18/2026,1,,A,migration,2026-06-17 00:00:00+03:30,NULL,2026-07-19 13:55:24.192536+03:30,2026-07-19 13:55:24.192536+03:30
46,7933,AL,5/9/2026,5/9/2026,1,,A,migration,2026-05-08 00:00:00+03:30,NULL,2026-07-19 13:55:24.192536+03:30,2026-07-19 13:55:24.192536+03:30
47,7933,AL,5/20/2026,5/20/2026,1,,A,migration,2026-05-19 00:00:00+03:30,NULL,2026-07-19 13:55:24.192536+03:30,2026-07-19 13:55:24.192536+03:30
48,7933,AL,5/7/2026,5/7/2026,1,,A,migration,2026-05-06 00:00:00+03:30,NULL,2026-07-19 13:55:24.192536+03:30,2026-07-19 13:55:24.192536+03:30
49,7933,AL,5/10/2026,5/10/2026,1,,A,migration,2026-05-09 00:00:00+03:30,NULL,2026-07-19 13:55:24.192536+03:30,2026-07-19 13:55:24.192536+03:30
50,4681,AL,6/13/2026,6/18/2026,6,,A,migration,2026-06-12 00:00:00+03:30,NULL,2026-07-19 13:55:24.192536+03:30,2026-07-19 13:55:24.192536+03:30
51,1677,AL,6/20/2026,6/20/2026,1,,A,migration,2026-06-19 00:00:00+03:30,NULL,2026-07-19 13:55:24.370553+03:30,2026-07-19 13:55:24.370553+03:30
52,7933,AL,4/8/2026,4/8/2026,1,,A,migration,2026-06-21 00:00:00+03:30,NULL,2026-07-19 13:55:24.370553+03:30,2026-07-19 13:55:24.370553+03:30
53,7933,AL,4/16/2026,4/16/2026,1,,A,migration,2026-06-21 00:00:00+03:30,NULL,2026-07-19 13:55:24.370553+03:30,2026-07-19 13:55:24.370553+03:30
54,8536,AL,3/28/2026,3/30/2026,3,,A,migration,2026-06-21 00:00:00+03:30,NULL,2026-07-19 13:55:24.370553+03:30,2026-07-19 13:55:24.370553+03:30
55,8536,AL,5/10/2026,5/10/2026,1,,A,migration,2026-06-21 00:00:00+03:30,NULL,2026-07-19 13:55:24.370553+03:30,2026-07-19 13:55:24.370553+03:30
56,8536,AL,5/13/2026,5/14/2026,2,,A,migration,2026-06-21 00:00:00+03:30,NULL,2026-07-19 13:55:24.370553+03:30,2026-07-19 13:55:24.370553+03:30
57,5516,AL,5/7/2026,5/7/2026,1,,A,migration,2026-06-22 00:00:00+03:30,NULL,2026-07-19 13:55:24.370553+03:30,2026-07-19 13:55:24.370553+03:30
58,2676,AL,4/19/2026,4/20/2026,2,,A,migration,2026-06-22 00:00:00+03:30,NULL,2026-07-19 13:55:24.370553+03:30,2026-07-19 13:55:24.370553+03:30
59,2676,AL,5/10/2026,5/10/2026,1,,A,migration,2026-06-22 00:00:00+03:30,NULL,2026-07-19 13:55:24.370553+03:30,2026-07-19 13:55:24.370553+03:30
60,1228,AL,3/25/2026,3/31/2026,6,,A,migration,2026-06-23 00:00:00+03:30,NULL,2026-07-19 13:55:24.370553+03:30,2026-07-19 13:55:24.370553+03:30
61,1228,AL,4/29/2026,4/29/2026,1,,A,migration,2026-06-23 00:00:00+03:30,NULL,2026-07-19 13:55:24.370553+03:30,2026-07-19 13:55:24.370553+03:30
62,1228,AL,5/7/2026,5/7/2026,1,,A,migration,2026-06-23 00:00:00+03:30,NULL,2026-07-19 13:55:24.370553+03:30,2026-07-19 13:55:24.370553+03:30
63,3522,AL,4/29/2026,4/30/2026,2,,A,migration,2026-06-23 00:00:00+03:30,NULL,2026-07-19 13:55:24.370553+03:30,2026-07-19 13:55:24.370553+03:30
64,912,AL,5/19/2026,5/19/2026,1,,A,migration,2026-06-23 00:00:00+03:30,NULL,2026-07-19 13:55:24.370553+03:30,2026-07-19 13:55:24.370553+03:30
65,3301,AL,3/30/2026,3/30/2026,1,,A,migration,2026-06-23 00:00:00+03:30,NULL,2026-07-19 13:55:24.370553+03:30,2026-07-19 13:55:24.370553+03:30
66,3301,AL,4/16/2026,4/16/2026,1,,A,migration,2026-06-23 00:00:00+03:30,NULL,2026-07-19 13:55:24.370553+03:30,2026-07-19 13:55:24.370553+03:30
67,26,AL,3/29/2026,3/31/2026,3,,A,migration,2026-06-23 00:00:00+03:30,NULL,2026-07-19 13:55:24.370553+03:30,2026-07-19 13:55:24.370553+03:30
68,26,AL,5/3/2026,5/5/2026,3,,A,migration,2026-06-23 00:00:00+03:30,NULL,2026-07-19 13:55:24.370553+03:30,2026-07-19 13:55:24.370553+03:30
69,1101,AL,4/23/2026,4/23/2026,1,,A,migration,2026-06-23 00:00:00+03:30,NULL,2026-07-19 13:55:24.370553+03:30,2026-07-19 13:55:24.370553+03:30
70,1101,AL,5/11/2026,5/11/2026,1,,A,migration,2026-06-23 00:00:00+03:30,NULL,2026-07-19 13:55:24.370553+03:30,2026-07-19 13:55:24.370553+03:30
71,7835,AL,6/22/2026,6/22/2026,1,,A,migration,2026-06-27 00:00:00+03:30,NULL,2026-07-19 13:55:24.370553+03:30,2026-07-19 13:55:24.370553+03:30
72,966,AL,6/22/2026,6/23/2026,2,,A,migration,2026-06-27 00:00:00+03:30,NULL,2026-07-19 13:55:24.370553+03:30,2026-07-19 13:55:24.370553+03:30
73,3659,AL,6/23/2026,6/23/2026,1,,A,migration,2026-06-27 00:00:00+03:30,NULL,2026-07-19 13:55:24.370553+03:30,2026-07-19 13:55:24.370553+03:30
74,3522,AL,5/7/2026,5/7/2026,1,,A,migration,2026-06-29 00:00:00+03:30,NULL,2026-07-19 13:55:24.370553+03:30,2026-07-19 13:55:24.370553+03:30
75,3522,AL,3/25/2026,3/28/2026,3,,A,migration,2026-06-29 00:00:00+03:30,NULL,2026-07-19 13:55:24.370553+03:30,2026-07-19 13:55:24.370553+03:30
76,7835,AL,4/6/2026,4/6/2026,1,,A,migration,2026-06-29 00:00:00+03:30,NULL,2026-07-19 13:55:24.370553+03:30,2026-07-19 13:55:24.370553+03:30
77,7835,AL,4/13/2026,4/13/2026,1,,A,migration,2026-06-29 00:00:00+03:30,NULL,2026-07-19 13:55:24.370553+03:30,2026-07-19 13:55:24.370553+03:30
78,7835,AL,4/20/2026,4/20/2026,1,,A,migration,2026-06-29 00:00:00+03:30,NULL,2026-07-19 13:55:24.370553+03:30,2026-07-19 13:55:24.370553+03:30
79,7835,AL,4/27/2026,4/27/2026,1,,A,migration,2026-06-29 00:00:00+03:30,NULL,2026-07-19 13:55:24.370553+03:30,2026-07-19 13:55:24.370553+03:30
80,7835,AL,4/30/2026,4/30/2026,1,,A,migration,2026-06-29 00:00:00+03:30,NULL,2026-07-19 13:55:24.370553+03:30,2026-07-19 13:55:24.370553+03:30
81,7835,AL,5/4/2026,5/4/2026,1,,A,migration,2026-06-29 00:00:00+03:30,NULL,2026-07-19 13:55:24.370553+03:30,2026-07-19 13:55:24.370553+03:30
82,692,AL,3/25/2026,3/28/2026,3,,A,migration,2026-06-29 00:00:00+03:30,NULL,2026-07-19 13:55:24.370553+03:30,2026-07-19 13:55:24.370553+03:30
83,692,AL,5/7/2026,5/7/2026,1,,A,migration,2026-06-29 00:00:00+03:30,NULL,2026-07-19 13:55:24.370553+03:30,2026-07-19 13:55:24.370553+03:30
84,692,AL,5/14/2026,5/16/2026,2,,A,migration,2026-06-29 00:00:00+03:30,NULL,2026-07-19 13:55:24.370553+03:30,2026-07-19 13:55:24.370553+03:30
85,692,AL,5/21/2026,5/21/2026,1,,A,migration,2026-06-29 00:00:00+03:30,NULL,2026-07-19 13:55:24.370553+03:30,2026-07-19 13:55:24.370553+03:30
86,1857,AL,3/29/2026,4/3/2026,5,,A,migration,2026-06-29 00:00:00+03:30,NULL,2026-07-19 13:55:24.370553+03:30,2026-07-19 13:55:24.370553+03:30
87,1857,AL,4/7/2026,4/10/2026,3,,A,migration,2026-06-29 00:00:00+03:30,NULL,2026-07-19 13:55:24.370553+03:30,2026-07-19 13:55:24.370553+03:30
88,1857,AL,4/22/2026,4/23/2026,2,,A,migration,2026-06-29 00:00:00+03:30,NULL,2026-07-19 13:55:24.370553+03:30,2026-07-19 13:55:24.370553+03:30
89,1857,AL,5/6/2026,5/7/2026,2,,A,migration,2026-06-29 00:00:00+03:30,NULL,2026-07-19 13:55:24.370553+03:30,2026-07-19 13:55:24.370553+03:30
90,1857,AL,5/14/2026,5/14/2026,1,,A,migration,2026-06-29 00:00:00+03:30,NULL,2026-07-19 13:55:24.370553+03:30,2026-07-19 13:55:24.370553+03:30
91,1857,RL,4/4/2026,4/6/2026,3,,A,migration,2026-06-30 00:00:00+03:30,NULL,2026-07-19 13:55:24.370553+03:30,2026-07-19 13:55:24.370553+03:30
92,1677,AL,3/30/2026,3/31/2026,2,,A,migration,2026-06-30 00:00:00+03:30,NULL,2026-07-19 13:55:24.370553+03:30,2026-07-19 13:55:24.370553+03:30
93,1677,AL,4/28/2026,4/28/2026,1,,A,migration,2026-06-30 00:00:00+03:30,NULL,2026-07-19 13:55:24.370553+03:30,2026-07-19 13:55:24.370553+03:30
94,139,AL,3/30/2026,3/31/2026,2,,A,migration,2026-06-30 00:00:00+03:30,NULL,2026-07-19 13:55:24.370553+03:30,2026-07-19 13:55:24.370553+03:30
95,139,AL,4/15/2026,4/15/2026,1,,A,migration,2026-06-30 00:00:00+03:30,NULL,2026-07-19 13:55:24.370553+03:30,2026-07-19 13:55:24.370553+03:30
96,139,AL,4/23/2026,4/23/2026,1,,A,migration,2026-06-30 00:00:00+03:30,NULL,2026-07-19 13:55:24.370553+03:30,2026-07-19 13:55:24.370553+03:30
97,139,AL,5/9/2026,5/9/2026,1,,A,migration,2026-06-30 00:00:00+03:30,NULL,2026-07-19 13:55:24.370553+03:30,2026-07-19 13:55:24.370553+03:30
98,8310,AL,4/9/2026,4/12/2026,3,,A,migration,2026-06-30 00:00:00+03:30,NULL,2026-07-19 13:55:24.370553+03:30,2026-07-19 13:55:24.370553+03:30
99,2682,AL,4/7/2026,4/7/2026,1,,A,migration,2026-06-30 00:00:00+03:30,NULL,2026-07-19 13:55:24.370553+03:30,2026-07-19 13:55:24.370553+03:30
100,2682,AL,5/13/2026,5/16/2026,3,,A,migration,2026-06-30 00:00:00+03:30,NULL,2026-07-19 13:55:24.506087+03:30,2026-07-19 13:55:24.506087+03:30
101,8353,AL,4/18/2026,4/19/2026,2,,A,migration,2026-06-30 00:00:00+03:30,NULL,2026-07-19 13:55:24.506087+03:30,2026-07-19 13:55:24.506087+03:30
102,8353,AL,5/16/2026,5/17/2026,2,,A,migration,2026-06-30 00:00:00+03:30,NULL,2026-07-19 13:55:24.506087+03:30,2026-07-19 13:55:24.506087+03:30
103,274,AL,4/12/2026,4/15/2026,4,,A,migration,2026-06-30 00:00:00+03:30,NULL,2026-07-19 13:55:24.506087+03:30,2026-07-19 13:55:24.506087+03:30
104,274,AL,5/12/2026,5/14/2026,3,,A,migration,2026-06-30 00:00:00+03:30,NULL,2026-07-19 13:55:24.506087+03:30,2026-07-19 13:55:24.506087+03:30
105,274,AL,5/18/2026,5/18/2026,1,,A,migration,2026-06-30 00:00:00+03:30,NULL,2026-07-19 13:55:24.506087+03:30,2026-07-19 13:55:24.506087+03:30
106,1332,AL,3/25/2026,3/28/2026,3,,A,migration,2026-06-30 00:00:00+03:30,NULL,2026-07-19 13:55:24.506087+03:30,2026-07-19 13:55:24.506087+03:30
107,1332,AL,5/3/2026,5/3/2026,1,,A,migration,2026-06-30 00:00:00+03:30,NULL,2026-07-19 13:55:24.506087+03:30,2026-07-19 13:55:24.506087+03:30
108,299,AL,5/2/2026,5/2/2026,1,,A,migration,2026-06-30 00:00:00+03:30,NULL,2026-07-19 13:55:24.506087+03:30,2026-07-19 13:55:24.506087+03:30
109,4681,AL,3/25/2026,3/25/2026,1,,A,migration,2026-06-30 00:00:00+03:30,NULL,2026-07-19 13:55:24.506087+03:30,2026-07-19 13:55:24.506087+03:30
110,4681,AL,4/16/2026,4/16/2026,1,,A,migration,2026-06-30 00:00:00+03:30,NULL,2026-07-19 13:55:24.506087+03:30,2026-07-19 13:55:24.506087+03:30
111,9558,AL,3/25/2026,3/31/2026,6,,A,migration,2026-06-30 00:00:00+03:30,NULL,2026-07-19 13:55:24.506087+03:30,2026-07-19 13:55:24.506087+03:30
112,9558,AL,4/9/2026,4/9/2026,1,,A,migration,2026-06-30 00:00:00+03:30,NULL,2026-07-19 13:55:24.506087+03:30,2026-07-19 13:55:24.506087+03:30
113,9558,AL,5/7/2026,5/7/2026,1,,A,migration,2026-06-30 00:00:00+03:30,NULL,2026-07-19 13:55:24.506087+03:30,2026-07-19 13:55:24.506087+03:30
114,9558,AL,5/21/2026,5/21/2026,1,,A,migration,2026-06-30 00:00:00+03:30,NULL,2026-07-19 13:55:24.506087+03:30,2026-07-19 13:55:24.506087+03:30
115,966,AL,4/9/2026,4/9/2026,1,,A,migration,2026-06-30 00:00:00+03:30,NULL,2026-07-19 13:55:24.506087+03:30,2026-07-19 13:55:24.506087+03:30
116,966,AL,4/20/2026,4/20/2026,1,,A,migration,2026-06-30 00:00:00+03:30,NULL,2026-07-19 13:55:24.506087+03:30,2026-07-19 13:55:24.506087+03:30
117,966,AL,5/5/2026,5/7/2026,3,,A,migration,2026-06-30 00:00:00+03:30,NULL,2026-07-19 13:55:24.506087+03:30,2026-07-19 13:55:24.506087+03:30
118,966,AL,5/19/2026,5/20/2026,2,,A,migration,2026-06-30 00:00:00+03:30,NULL,2026-07-19 13:55:24.506087+03:30,2026-07-19 13:55:24.506087+03:30
119,6079,AL,5/14/2026,5/14/2026,1,,A,migration,2026-06-30 00:00:00+03:30,NULL,2026-07-19 13:55:24.506087+03:30,2026-07-19 13:55:24.506087+03:30
120,1321,AL,3/25/2026,3/26/2026,2,,A,migration,2026-06-30 00:00:00+03:30,NULL,2026-07-19 13:55:24.506087+03:30,2026-07-19 13:55:24.506087+03:30
121,1321,AL,4/22/2026,4/22/2026,1,,A,migration,2026-06-30 00:00:00+03:30,NULL,2026-07-19 13:55:24.506087+03:30,2026-07-19 13:55:24.506087+03:30
122,1321,AL,5/9/2026,5/11/2026,3,,A,migration,2026-06-30 00:00:00+03:30,NULL,2026-07-19 13:55:24.506087+03:30,2026-07-19 13:55:24.506087+03:30
123,1321,AL,5/21/2026,5/21/2026,1,,A,migration,2026-06-30 00:00:00+03:30,NULL,2026-07-19 13:55:24.506087+03:30,2026-07-19 13:55:24.506087+03:30
124,3659,AL,4/11/2026,4/11/2026,1,,A,migration,2026-06-30 00:00:00+03:30,NULL,2026-07-19 13:55:24.506087+03:30,2026-07-19 13:55:24.506087+03:30
125,3659,AL,4/15/2026,4/15/2026,1,,A,migration,2026-06-30 00:00:00+03:30,NULL,2026-07-19 13:55:24.506087+03:30,2026-07-19 13:55:24.506087+03:30
126,3659,AL,5/5/2026,5/6/2026,2,,A,migration,2026-06-30 00:00:00+03:30,NULL,2026-07-19 13:55:24.506087+03:30,2026-07-19 13:55:24.506087+03:30
127,3659,SL,5/11/2026,5/11/2026,1,,A,migration,2026-06-30 00:00:00+03:30,NULL,2026-07-19 13:55:24.506087+03:30,2026-07-19 13:55:24.506087+03:30
128,3659,AL,5/19/2026,5/20/2026,2,,A,migration,2026-06-30 00:00:00+03:30,NULL,2026-07-19 13:55:24.506087+03:30,2026-07-19 13:55:24.506087+03:30
129,3274,AL,5/5/2026,5/5/2026,1,,A,migration,2026-06-30 00:00:00+03:30,NULL,2026-07-19 13:55:24.506087+03:30,2026-07-19 13:55:24.506087+03:30
130,3274,AL,5/18/2026,5/18/2026,1,,A,migration,2026-06-30 00:00:00+03:30,NULL,2026-07-19 13:55:24.506087+03:30,2026-07-19 13:55:24.506087+03:30
131,8808,AL,5/18/2026,5/18/2026,1,,A,migration,2026-06-30 00:00:00+03:30,NULL,2026-07-19 13:55:24.506087+03:30,2026-07-19 13:55:24.506087+03:30
132,1857,SL,6/18/2026,6/18/2026,1,,A,migration,2026-06-30 00:00:00+03:30,NULL,2026-07-19 13:55:24.506087+03:30,2026-07-19 13:55:24.506087+03:30
133,1332,AL,6/29/2026,7/1/2026,3,,A,migration,2026-06-30 00:00:00+03:30,NULL,2026-07-19 13:55:24.506087+03:30,2026-07-19 13:55:24.506087+03:30
134,1677,AL,6/30/2026,6/30/2026,1,,A,migration,2026-06-30 00:00:00+03:30,NULL,2026-07-19 13:55:24.506087+03:30,2026-07-19 13:55:24.506087+03:30
135,9137,RL,1/29/2026,1/29/2026,1,,A,migration,2026-06-30 00:00:00+03:30,NULL,2026-07-19 13:55:24.506087+03:30,2026-07-19 13:55:24.506087+03:30
136,9137,RL,2/2/2026,2/2/2026,1,,A,migration,2026-06-30 00:00:00+03:30,NULL,2026-07-19 13:55:24.506087+03:30,2026-07-19 13:55:24.506087+03:30
137,9137,RL,2/24/2026,2/25/2026,2,,A,migration,2026-06-30 00:00:00+03:30,NULL,2026-07-19 13:55:24.506087+03:30,2026-07-19 13:55:24.506087+03:30
138,9137,AL,2/12/2026,2/12/2026,1,,A,migration,2026-06-30 00:00:00+03:30,NULL,2026-07-19 13:55:24.506087+03:30,2026-07-19 13:55:24.506087+03:30
139,9137,AL,2/19/2026,2/19/2026,1,,A,migration,2026-06-30 00:00:00+03:30,NULL,2026-07-19 13:55:24.506087+03:30,2026-07-19 13:55:24.506087+03:30
140,9137,AL,3/5/2026,3/5/2026,1,,A,migration,2026-06-30 00:00:00+03:30,NULL,2026-07-19 13:55:24.506087+03:30,2026-07-19 13:55:24.506087+03:30
141,9137,AL,3/17/2026,3/17/2026,1,,A,migration,2026-06-30 00:00:00+03:30,NULL,2026-07-19 13:55:24.506087+03:30,2026-07-19 13:55:24.506087+03:30
142,9137,RL,3/28/2026,3/29/2026,2,,A,migration,2026-06-30 00:00:00+03:30,NULL,2026-07-19 13:55:24.506087+03:30,2026-07-19 13:55:24.506087+03:30
143,9137,AL,3/30/2026,3/31/2026,2,,A,migration,2026-06-30 00:00:00+03:30,NULL,2026-07-19 13:55:24.506087+03:30,2026-07-19 13:55:24.506087+03:30
144,9137,AL,4/7/2026,4/7/2026,1,,A,migration,2026-06-30 00:00:00+03:30,NULL,2026-07-19 13:55:24.506087+03:30,2026-07-19 13:55:24.506087+03:30
145,9137,AL,4/9/2026,4/9/2026,1,,A,migration,2026-06-30 00:00:00+03:30,NULL,2026-07-19 13:55:24.506087+03:30,2026-07-19 13:55:24.506087+03:30
146,9137,RL,4/23/2026,4/23/2026,1,,A,migration,2026-06-30 00:00:00+03:30,NULL,2026-07-19 13:55:24.506087+03:30,2026-07-19 13:55:24.506087+03:30
147,9137,RL,5/7/2026,5/7/2026,1,,A,migration,2026-06-30 00:00:00+03:30,NULL,2026-07-19 13:55:24.506087+03:30,2026-07-19 13:55:24.506087+03:30
148,3461,AL,7/1/2026,7/1/2026,1,,A,migration,2026-07-01 00:00:00+03:30,NULL,2026-07-19 13:55:24.506087+03:30,2026-07-19 13:55:24.506087+03:30
149,3301,AL,7/2/2026,7/2/2026,1,,A,migration,2026-07-01 00:00:00+03:30,NULL,2026-07-19 13:55:24.506087+03:30,2026-07-19 13:55:24.506087+03:30
150,299,AL,7/4/2026,7/4/2026,1,,A,migration,2026-07-01 00:00:00+03:30,NULL,2026-07-19 13:55:24.646189+03:30,2026-07-19 13:55:24.646189+03:30
151,9137,RL,7/1/2026,7/1/2026,1,,A,migration,2026-07-02 00:00:00+03:30,NULL,2026-07-19 13:55:24.646189+03:30,2026-07-19 13:55:24.646189+03:30
152,7878,AL,11/2/2025,11/3/2025,2,,A,migration,2026-07-02 00:00:00+03:30,NULL,2026-07-19 13:55:24.646189+03:30,2026-07-19 13:55:24.646189+03:30
153,7878,AL,11/12/2025,11/12/2025,1,,A,migration,2026-07-02 00:00:00+03:30,NULL,2026-07-19 13:55:24.646189+03:30,2026-07-19 13:55:24.646189+03:30
154,7878,RL,11/20/2025,11/20/2025,1,,A,migration,2026-07-02 00:00:00+03:30,NULL,2026-07-19 13:55:24.646189+03:30,2026-07-19 13:55:24.646189+03:30
155,7878,RL,11/22/2025,11/23/2025,2,,A,migration,2026-07-02 00:00:00+03:30,NULL,2026-07-19 13:55:24.646189+03:30,2026-07-19 13:55:24.646189+03:30
156,7878,AL,12/3/2025,12/3/2025,1,,A,migration,2026-07-02 00:00:00+03:30,NULL,2026-07-19 13:55:24.646189+03:30,2026-07-19 13:55:24.646189+03:30
157,7878,AL,12/8/2025,12/9/2025,2,,A,migration,2026-07-02 00:00:00+03:30,NULL,2026-07-19 13:55:24.646189+03:30,2026-07-19 13:55:24.646189+03:30
158,7878,AL,12/24/2025,12/24/2025,1,,A,migration,2026-07-02 00:00:00+03:30,NULL,2026-07-19 13:55:24.646189+03:30,2026-07-19 13:55:24.646189+03:30
159,7878,AL,12/29/2025,12/29/2025,1,,A,migration,2026-07-02 00:00:00+03:30,NULL,2026-07-19 13:55:24.646189+03:30,2026-07-19 13:55:24.646189+03:30
160,7878,AL,2/12/2026,2/12/2026,1,,A,migration,2026-07-02 00:00:00+03:30,NULL,2026-07-19 13:55:24.646189+03:30,2026-07-19 13:55:24.646189+03:30
161,7878,AL,3/19/2026,3/19/2026,1,,A,migration,2026-07-02 00:00:00+03:30,NULL,2026-07-19 13:55:24.646189+03:30,2026-07-19 13:55:24.646189+03:30
162,7878,AL,4/9/2026,4/9/2026,1,,A,migration,2026-07-02 00:00:00+03:30,NULL,2026-07-19 13:55:24.646189+03:30,2026-07-19 13:55:24.646189+03:30
163,7878,AL,5/13/2026,5/14/2026,2,,A,migration,2026-07-02 00:00:00+03:30,NULL,2026-07-19 13:55:24.646189+03:30,2026-07-19 13:55:24.646189+03:30
164,7835,AL,7/2/2026,7/2/2026,1,,A,migration,2026-07-04 00:00:00+03:30,NULL,2026-07-19 13:55:24.646189+03:30,2026-07-19 13:55:24.646189+03:30
165,1228,AL,7/2/2026,7/2/2026,1,,A,migration,2026-07-04 00:00:00+03:30,NULL,2026-07-19 13:55:24.646189+03:30,2026-07-19 13:55:24.646189+03:30
166,692,AL,7/2/2026,7/2/2026,1,,A,migration,2026-07-04 00:00:00+03:30,NULL,2026-07-19 13:55:24.646189+03:30,2026-07-19 13:55:24.646189+03:30
167,26,AL,6/28/2026,6/30/2026,3,,A,migration,2026-07-05 00:00:00+03:30,NULL,2026-07-19 13:55:24.646189+03:30,2026-07-19 13:55:24.646189+03:30
168,139,AL,7/4/2026,7/4/2026,1,,A,migration,2026-07-05 00:00:00+03:30,NULL,2026-07-19 13:55:24.646189+03:30,2026-07-19 13:55:24.646189+03:30
169,912,AL,7/7/2026,7/7/2026,1,,A,migration,2026-07-08 00:00:00+03:30,NULL,2026-07-19 13:55:24.646189+03:30,2026-07-19 13:55:24.646189+03:30
170,8353,AL,7/8/2026,7/8/2026,1,,A,migration,2026-07-08 00:00:00+03:30,NULL,2026-07-19 13:55:24.646189+03:30,2026-07-19 13:55:24.646189+03:30
171,6013,AL,7/5/2026,7/6/2026,2,,A,migration,2026-07-08 00:00:00+03:30,NULL,2026-07-19 13:55:24.646189+03:30,2026-07-19 13:55:24.646189+03:30
172,6161,AL,7/6/2026,7/6/2026,1,,A,migration,2026-07-08 00:00:00+03:30,NULL,2026-07-19 13:55:24.646189+03:30,2026-07-19 13:55:24.646189+03:30
173,1321,AL,7/9/2026,7/9/2026,1,,A,migration,2026-07-08 00:00:00+03:30,NULL,2026-07-19 13:55:24.646189+03:30,2026-07-19 13:55:24.646189+03:30
174,7933,AL,7/9/2026,7/9/2026,1,,A,migration,2026-07-12 00:00:00+03:30,NULL,2026-07-19 13:55:24.646189+03:30,2026-07-19 13:55:24.646189+03:30
175,139,AL,7/9/2026,7/9/2026,1,,A,migration,2026-07-12 00:00:00+03:30,NULL,2026-07-19 13:55:24.646189+03:30,2026-07-19 13:55:24.646189+03:30
176,7835,AL,7/9/2026,7/9/2026,1,,A,migration,2026-07-12 00:00:00+03:30,NULL,2026-07-19 13:55:24.646189+03:30,2026-07-19 13:55:24.646189+03:30
177,299,AL,7/9/2026,7/9/2026,1,,A,migration,2026-07-13 00:00:00+03:30,NULL,2026-07-19 13:55:24.646189+03:30,2026-07-19 13:55:24.646189+03:30
178,9558,AL,7/9/2026,7/9/2026,1,,A,migration,2026-07-13 00:00:00+03:30,NULL,2026-07-19 13:55:24.646189+03:30,2026-07-19 13:55:24.646189+03:30
179,1101,AL,7/12/2026,7/12/2026,1,,A,migration,2026-07-13 00:00:00+03:30,NULL,2026-07-19 13:55:24.646189+03:30,2026-07-19 13:55:24.646189+03:30
180,7878,AL,7/13/2026,7/13/2026,1,,A,migration,2026-07-14 00:00:00+03:30,NULL,2026-07-19 13:55:24.646189+03:30,2026-07-19 13:55:24.646189+03:30
183,1857,SL,7/13/2026,7/14/2026,2,,A,admin,2026-07-20 15:04:05.132787+03:30,NULL,2026-07-20 15:03:56.396464+03:30,2026-07-20 15:04:05.132787+03:30
184,3274,AL,7/14/2026,7/14/2026,1,,A,admin,2026-07-20 15:07:41.228251+03:30,NULL,2026-07-20 15:07:34.076497+03:30,2026-07-20 15:07:41.228251+03:30
185,5516,AL,7/14/2026,7/14/2026,1,,A,admin,2026-07-20 15:23:44.298979+03:30,NULL,2026-07-20 15:23:39.876199+03:30,2026-07-20 15:23:44.298979+03:30
186,912,AL,7/19/2026,7/19/2026,1,,A,SYSTEM,2026-07-23 06:57:34.566469+03:30,NULL,2026-07-22 22:29:41.658209+03:30,2026-07-23 06:57:27.279072+03:30
187,3301,AL,7/16/2026,7/16/2026,1,,A,SYSTEM,2026-07-23 06:57:34.566495+03:30,NULL,2026-07-22 22:34:37.106117+03:30,2026-07-23 06:57:27.279072+03:30
188,3461,AL,7/18/2026,7/18/2026,1,,A,SYSTEM,2026-07-23 06:57:34.566498+03:30,NULL,2026-07-22 22:39:37.226351+03:30,2026-07-23 06:57:27.279072+03:30
189,2682,AL,7/8/2026,7/8/2026,1,,A,SYSTEM,2026-07-23 06:57:34.566501+03:30,NULL,2026-07-22 22:40:48.474239+03:30,2026-07-23 06:57:27.279072+03:30
190,274,AL,7/21/2026,7/21/2026,1,,A,SYSTEM,2026-07-23 06:57:34.566504+03:30,NULL,2026-07-22 22:42:57.314102+03:30,2026-07-23 06:57:27.279072+03:30
191,299,AL,7/16/2026,7/20/2026,4,,A,SYSTEM,2026-07-23 06:57:34.566506+03:30,NULL,2026-07-22 22:45:43.954025+03:30,2026-07-23 06:57:27.279072+03:30
192,4681,AL,7/22/2026,7/22/2026,1,,A,SYSTEM,2026-07-23 06:57:34.566509+03:30,NULL,2026-07-22 22:47:03.06659+03:30,2026-07-23 06:57:27.279072+03:30
193,966,AL,7/16/2026,7/16/2026,1,,A,SYSTEM,2026-07-23 06:57:34.566511+03:30,NULL,2026-07-22 22:49:05.562514+03:30,2026-07-23 06:57:27.279072+03:30
194,3659,AL,7/21/2026,7/21/2026,1,,A,SYSTEM,2026-07-23 06:57:34.566513+03:30,NULL,2026-07-22 22:52:18.698187+03:30,2026-07-23 06:57:27.279072+03:30
195,3274,AL,7/22/2026,7/22/2026,1,,A,SYSTEM,2026-07-23 06:57:34.566516+03:30,NULL,2026-07-22 22:53:09.634795+03:30,2026-07-23 06:57:27.279072+03:30
196,8808,AL,7/11/2026,7/11/2026,1,,A,SYSTEM,2026-07-23 06:57:34.566518+03:30,NULL,2026-07-22 22:54:22.546705+03:30,2026-07-23 06:57:27.279072+03:30
197,3522,AL,7/16/2026,7/16/2026,1,,A,SYSTEM,2026-07-23 08:47:31.377127+03:30,NULL,2026-07-23 08:04:29.879874+03:30,2026-07-23 08:47:16.192998+03:30
198,1228,AL,7/16/2026,7/16/2026,1,,A,SYSTEM,2026-07-23 08:47:31.377137+03:30,NULL,2026-07-23 08:40:44.748917+03:30,2026-07-23 08:47:16.192998+03:30
199,692,AL,7/8/2026,7/9/2026,2,,A,SYSTEM,2026-07-23 08:47:31.37714+03:30,NULL,2026-07-23 08:44:57.160562+03:30,2026-07-23 08:47:16.192998+03:30
200,692,AL,7/16/2026,7/16/2026,1,,A,SYSTEM,2026-07-23 08:47:31.377143+03:30,NULL,2026-07-23 08:45:14.607989+03:30,2026-07-23 08:47:16.192998+03:30
201,8536,AL,7/7/2026,7/9/2026,3,,A,SYSTEM,2026-07-23 08:47:31.377146+03:30,NULL,2026-07-23 08:46:12.792331+03:30,2026-07-23 08:47:16.192998+03:30
